Census Region Code,Age,Year,Deaths,Population,Crude Rate
CENS-R1,15-24 years,1999,515,6799607,7.573967142512795
CENS-R1,15-24 years,2000,538,6865990,7.835723617424436
CENS-R1,15-24 years,2001,550,7012647,7.842972846059412
CENS-R1,15-24 years,2002,561,7115562,7.884127775149735
CENS-R1,15-24 years,2003,508,7220567,7.035458572713195
CENS-R1,15-24 years,2004,561,7303362,7.681393856692302
CENS-R1,15-24 years,2005,529,7402374,7.146356020379408
CENS-R1,15-24 years,2006,494,7486534,6.598514078744583
CENS-R1,15-24 years,2007,540,7547790,7.154412086186818
CENS-R1,15-24 years,2008,503,7590202,6.62696460515807
CENS-R1,15-24 years,2009,566,7630249,7.417844424212107
CENS-R1,15-24 years,2010,668,7638724,8.744916035714866
CENS-R1,15-24 years,2011,683,7605525,8.980313653561062
CENS-R1,15-24 years,2012,657,7597557,8.647516563547994
CENS-R1,15-24 years,2013,629,7541673,8.340324487683302
CENS-R1,15-24 years,2014,659,7522865,8.75996046718903
CENS-R1,15-24 years,2015,652,7461661,8.738000828501859
CENS-R1,15-24 years,2016,702,7390470,9.498719296607659
CENS-R1,15-24 years,2017,778,7315572,10.634848512187427
CENS-R1,15-24 years,2018,714,7154723,9.979421984610724
CENS-R1,15-24 years,2019,670,7045932,9.509033013659513
CENS-R1,15-24 years,2020,596,6948073,8.577917934943976
CENS-R1,25-34 years,1999,733,7523760,9.742469190936447
CENS-R1,25-34 years,2000,650,7381517,8.805777999292015
CENS-R1,25-34 years,2001,717,7209021,9.945871984559346
CENS-R1,25-34 years,2002,674,7117465,9.469663707513842
CENS-R1,25-34 years,2003,624,7039493,8.864274742513416
CENS-R1,25-34 years,2004,654,6948984,9.411447774235773
CENS-R1,25-34 years,2005,646,6842245,9.441345640210194
CENS-R1,25-34 years,2006,647,6765464,9.5632760738953
CENS-R1,25-34 years,2007,681,6759837,10.074207410622476
CENS-R1,25-34 years,2008,676,6830857,9.896269238252243
CENS-R1,25-34 years,2009,630,6909415,9.117993346759459
CENS-R1,25-34 years,2010,730,6965260,10.480585075072575
CENS-R1,25-34 years,2011,792,7106114,11.145332033795125
CENS-R1,25-34 years,2012,803,7225133,11.113982261641413
CENS-R1,25-34 years,2013,821,7347718,11.17353714445764
CENS-R1,25-34 years,2014,878,7454532,11.778070038467876
CENS-R1,25-34 years,2015,864,7536487,11.46422729847474
CENS-R1,25-34 years,2016,883,7586334,11.639350442519403
CENS-R1,25-34 years,2017,988,7680983,12.862936944398912
CENS-R1,25-34 years,2018,975,7650412,12.7444116735151
CENS-R1,25-34 years,2019,993,7656075,12.970092377621693
CENS-R1,25-34 years,2020,953,7634970,12.482039877039465
CENS-R1,35-44 years,1999,977,8766546,11.144640089722909
CENS-R1,35-44 years,2000,969,8770125,11.048873305682644
CENS-R1,35-44 years,2001,949,8732348,10.867638348815232
CENS-R1,35-44 years,2002,947,8635226,10.966707761904553
CENS-R1,35-44 years,2003,903,8510697,10.61017681630541
CENS-R1,35-44 years,2004,906,8371043,10.823024084334534
CENS-R1,35-44 years,2005,922,8231232,11.201239377045866
CENS-R1,35-44 years,2006,928,8086498,11.475919489499658
CENS-R1,35-44 years,2007,966,7905015,12.220090663964584
CENS-R1,35-44 years,2008,982,7706770,12.742043683670332
CENS-R1,35-44 years,2009,923,7488300,12.325895062964893
CENS-R1,35-44 years,2010,953,7342713,12.978854001239053
CENS-R1,35-44 years,2011,969,7169951,13.5147367115898
CENS-R1,35-44 years,2012,935,7073446,13.218451091589586
CENS-R1,35-44 years,2013,921,6981193,13.19258757063442
CENS-R1,35-44 years,2014,842,6921947,12.164207556053231
CENS-R1,35-44 years,2015,901,6865532,13.123527790708717
CENS-R1,35-44 years,2016,909,6771692,13.423528418008381
CENS-R1,35-44 years,2017,951,6792198,14.001358617637472
CENS-R1,35-44 years,2018,920,6772674,13.583999466089761
CENS-R1,35-44 years,2019,916,6800580,13.469439371347738
CENS-R1,35-44 years,2020,863,6848675,12.600977561353108
CENS-R1,45-54 years,1999,740,7171266,10.318959023413719
CENS-R1,45-54 years,2000,811,7356178,11.02474681825263
CENS-R1,45-54 years,2001,853,7636748,11.169675888218388
CENS-R1,45-54 years,2002,870,7701784,11.296084128040984
CENS-R1,45-54 years,2003,893,7824302,11.413158643416372
CENS-R1,45-54 years,2004,984,7950574,12.376464894232793
CENS-R1,45-54 years,2005,965,8073759,11.952301276270445
CENS-R1,45-54 years,2006,1064,8187910,12.994769116905292
CENS-R1,45-54 years,2007,1062,8276349,12.831745012202843
CENS-R1,45-54 years,2008,1234,8351934,14.775020971190624
CENS-R1,45-54 years,2009,1267,8423456,15.04133220378904
CENS-R1,45-54 years,2010,1329,8443439,15.740031994072558
CENS-R1,45-54 years,2011,1356,8381292,16.178889841804818
CENS-R1,45-54 years,2012,1334,8290260,16.09117205009252
CENS-R1,45-54 years,2013,1318,8174682,16.12295132703633
CENS-R1,45-54 years,2014,1423,8065523,17.64299723650903
CENS-R1,45-54 years,2015,1349,7956511,16.954667692912132
CENS-R1,45-54 years,2016,1239,7790669,15.903640624444447
CENS-R1,45-54 years,2017,1315,7644709,17.201439583900445
CENS-R1,45-54 years,2018,1250,7393919,16.905784334396955
CENS-R1,45-54 years,2019,1136,7162014,15.861460198206817
CENS-R1,45-54 years,2020,977,6969309,14.01860643573129
CENS-R1,5-14 years,1999,24,5894667,0.4071476811158289
CENS-R1,5-14 years,2000,37,5908147,0.6262538829856468
CENS-R1,5-14 years,2001,33,5873681,0.5618282640817573
CENS-R1,5-14 years,2002,25,5825569,0.42914262967274097
CENS-R1,5-14 years,2003,28,5753905,0.4866260391855618
CENS-R1,5-14 years,2004,39,6867245,0.5679133335129298
CENS-R1,5-14 years,2005,27,5540231,0.48734430026473624
CENS-R1,5-14 years,2006,20,5443594,0.36740432883128316
CENS-R1,5-14 years,2007,19,5358762,0.35455950460199576
CENS-R1,5-14 years,2008,28,5297999,0.5285014210081957
CENS-R1,5-14 years,2009,32,6383372,0.5013024464186013
CENS-R1,5-14 years,2010,29,5219905,0.5555656664249637
CENS-R1,5-14 years,2011,27,5153253,0.5239408971381766
CENS-R1,5-14 years,2012,27,5108653,0.5285150508362968
CENS-R1,5-14 years,2013,57,6175073,0.9230660107176062
CENS-R1,5-14 years,2014,35,4995765,0.7005934026120123
CENS-R1,5-14 years,2015,35,4932955,0.7095138715029835
CENS-R1,5-14 years,2016,53,4888788,1.084113281246804
CENS-R1,5-14 years,2017,50,5958770,0.8390993443277724
CENS-R1,5-14 years,2018,61,5896736,1.0344705952581223
CENS-R1,5-14 years,2019,59,5850004,1.008546318942688
CENS-R1,5-14 years,2020,37,4655378,0.7947797149876982
CENS-R1,55-64 years,1999,457,4718119,9.686063450286014
CENS-R1,55-64 years,2000,468,4792956,9.764329153032074
CENS-R1,55-64 years,2001,476,4923301,9.66830994083035
CENS-R1,55-64 years,2002,493,5020750,9.819250112035055
CENS-R1,55-64 years,2003,587,5433401,10.803546434360356
CENS-R1,55-64 years,2004,544,5640632,9.644309361078687
CENS-R1,55-64 years,2005,559,5605544,9.972270309536416
CENS-R1,55-64 years,2006,656,6046679,10.848930462490237
CENS-R1,55-64 years,2007,725,6228371,11.64028282836716
CENS-R1,55-64 years,2008,724,6376051,11.354990730155702
CENS-R1,55-64 years,2009,825,6589034,12.520803504732257
CENS-R1,55-64 years,2010,898,6778461,13.247844901667207
CENS-R1,55-64 years,2011,952,7052302,13.499138295552289
CENS-R1,55-64 years,2012,982,7132934,13.767125841904608
CENS-R1,55-64 years,2013,1051,7265868,14.46489256342119
CENS-R1,55-64 years,2014,1116,7397566,15.086043166090036
CENS-R1,55-64 years,2015,1195,7528522,15.872969488566282
CENS-R1,55-64 years,2016,1164,7606637,15.302426026113773
CENS-R1,55-64 years,2017,1153,7692337,14.98894289212758
CENS-R1,55-64 years,2018,1313,7698698,17.054831868973167
CENS-R1,55-64 years,2019,1234,7705656,16.01421086017855
CENS-R1,55-64 years,2020,1028,7673440,13.396859817761005
CENS-R1,65-74 years,1999,323,3698972,8.7321558530316
CENS-R1,65-74 years,2000,293,3342609,8.765607942777633
CENS-R1,65-74 years,2001,310,3613235,8.579569277946218
CENS-R1,65-74 years,2002,293,3566825,8.214588604711473
CENS-R1,65-74 years,2003,304,3645618,8.338778226352844
CENS-R1,65-74 years,2004,290,3628548,7.992177587288358
CENS-R1,65-74 years,2005,304,3612557,8.415092135570456
CENS-R1,65-74 years,2006,292,3480604,8.38934851537262
CENS-R1,65-74 years,2007,316,3158056,10.006155685649652
CENS-R1,65-74 years,2008,391,3806021,10.273196075376358
CENS-R1,65-74 years,2009,353,3520582,10.026751258740742
CENS-R1,65-74 years,2010,386,3980919,9.696253553513648
CENS-R1,65-74 years,2011,422,4095223,10.30468914635418
CENS-R1,65-74 years,2012,445,4361466,10.202991379504047
CENS-R1,65-74 years,2013,531,4565554,11.630571010659386
CENS-R1,65-74 years,2014,558,4746060,11.757120643228278
CENS-R1,65-74 years,2015,572,4927172,11.609093410987073
CENS-R1,65-74 years,2016,596,5093474,11.70124751790232
CENS-R1,65-74 years,2017,613,5289061,11.589958973814067
CENS-R1,65-74 years,2018,648,5388045,12.026625612815037
CENS-R1,65-74 years,2019,653,5549442,11.766948821160758
CENS-R1,65-74 years,2020,661,5724887,11.546079424799126
CENS-R1,75-84 years,1999,295,2426075,12.159558134023062
CENS-R1,75-84 years,2000,274,2448071,11.192485838850262
CENS-R1,75-84 years,2001,281,2475018,11.35345278296966
CENS-R1,75-84 years,2002,269,2493774,10.786863605122196
CENS-R1,75-84 years,2003,274,2498380,10.967106685131967
CENS-R1,75-84 years,2004,266,2496855,10.65340197969045
CENS-R1,75-84 years,2005,310,2678572,11.573330864356082
CENS-R1,75-84 years,2006,277,2454240,11.286589738574873
CENS-R1,75-84 years,2007,271,2427335,11.164507577240059
CENS-R1,75-84 years,2008,267,2389998,11.171557465738465
CENS-R1,75-84 years,2009,258,2343810,11.007718202414019
CENS-R1,75-84 years,2010,254,2320832,10.944350991368612
CENS-R1,75-84 years,2011,310,2287440,13.552268037631586
CENS-R1,75-84 years,2012,270,2350500,11.48691767708998
CENS-R1,75-84 years,2013,309,2242966,13.776401425612336
CENS-R1,75-84 years,2014,280,2465118,11.35848263653099
CENS-R1,75-84 years,2015,307,2336400,13.139873309364836
CENS-R1,75-84 years,2016,329,2601713,12.645514705119282
CENS-R1,75-84 years,2017,324,2433977,13.311547315360828
CENS-R1,75-84 years,2018,377,2791919,13.503257078733302
CENS-R1,75-84 years,2019,354,2739018,12.924340037195813
CENS-R1,75-84 years,2020,353,2654592,13.297712040117652
CENS-R1,85+ years,1999,120,854092,14.050008664172008
CENS-R1,85+ years,2000,93,871530,10.670889126019759
CENS-R1,85+ years,2001,97,888168,10.921357220705993
CENS-R1,85+ years,2002,103,902551,11.412097488119786
CENS-R1,85+ years,2003,107,924774,11.570394496385063
CENS-R1,85+ years,2004,105,937400,11.201194794111371
CENS-R1,85+ years,2005,114,964180,11.82351843016864
CENS-R1,85+ years,2006,102,996607,10.234726426766017
CENS-R1,85+ years,2007,120,1025863,11.697468375406853
CENS-R1,85+ years,2008,101,1051805,9.602540394845052
CENS-R1,85+ years,2009,117,1079135,10.84201698582661
CENS-R1,85+ years,2010,121,1099565,11.004351720907813
CENS-R1,85+ years,2011,138,1134074,12.168518103756899
CENS-R1,85+ years,2012,123,1152097,10.676184383780186
CENS-R1,85+ years,2013,128,1171799,10.923375083952111
CENS-R1,85+ years,2014,139,1177069,11.80899335552971
CENS-R1,85+ years,2015,147,1181909,12.437505763980138
CENS-R1,85+ years,2016,159,1183452,13.435272406485435
CENS-R1,85+ years,2017,189,1244494,15.186895236136131
CENS-R1,85+ years,2018,175,1192032,14.680813937880863
CENS-R1,85+ years,2019,165,1185637,13.916569742678409
CENS-R1,85+ years,2020,170,1170834,14.519564686368863
CENS-R2,15-24 years,1999,997,9020977,11.052017979870694
CENS-R2,15-24 years,2000,955,9082680,10.514517741459569
CENS-R2,15-24 years,2001,997,9254615,10.773003523107121
CENS-R2,15-24 years,2002,998,9343939,10.680720411381111
CENS-R2,15-24 years,2003,887,9430178,9.405973036776187
CENS-R2,15-24 years,2004,1029,9490521,10.842397377341033
CENS-R2,15-24 years,2005,1009,9525092,10.593073536717545
CENS-R2,15-24 years,2006,964,9535684,10.109395403622855
CENS-R2,15-24 years,2007,1020,9499761,10.737112228402378
CENS-R2,15-24 years,2008,1037,9470731,10.94952438201444
CENS-R2,15-24 years,2009,987,9431517,10.464912484386128
CENS-R2,15-24 years,2010,1087,9388704,11.57774278537272
CENS-R2,15-24 years,2011,1141,9389842,12.151429172077655
CENS-R2,15-24 years,2012,1157,9381334,12.333000829093177
CENS-R2,15-24 years,2013,1140,9397943,12.130314048510403
CENS-R2,15-24 years,2014,1210,9390167,12.885819815558126
CENS-R2,15-24 years,2015,1314,9350978,14.052006111018548
CENS-R2,15-24 years,2016,1357,9275221,14.630379157542446
CENS-R2,15-24 years,2017,1483,9198742,16.121769694160353
CENS-R2,15-24 years,2018,1462,9116648,16.036595906741162
CENS-R2,15-24 years,2019,1342,9039707,14.84561391204383
CENS-R2,15-24 years,2020,1390,8978168,15.482000336817045
CENS-R2,25-34 years,1999,1133,8824055,12.83990183651394
CENS-R2,25-34 years,2000,1077,8745989,12.314216265307445
CENS-R2,25-34 years,2001,1113,8586323,12.962475322673047
CENS-R2,25-34 years,2002,1146,8509826,13.466785337326522
CENS-R2,25-34 years,2003,1156,8456633,13.669743028933619
CENS-R2,25-34 years,2004,1178,8411906,14.00396057683003
CENS-R2,25-34 years,2005,1155,8371579,13.796680411186468
CENS-R2,25-34 years,2006,1156,8352175,13.840706163364633
CENS-R2,25-34 years,2007,1136,8400622,13.522808192060063
CENS-R2,25-34 years,2008,1219,8467181,14.396763220250044
CENS-R2,25-34 years,2009,1141,8542477,13.356781645417366
CENS-R2,25-34 years,2010,1293,8591550,15.049670897567959
CENS-R2,25-34 years,2011,1372,8691066,15.786325866125054
CENS-R2,25-34 years,2012,1357,8737063,15.531535024984942
CENS-R2,25-34 years,2013,1434,8783881,16.325357777501768
CENS-R2,25-34 years,2014,1438,8832177,16.28137660737551
CENS-R2,25-34 years,2015,1546,8872228,17.425160850239646
CENS-R2,25-34 years,2016,1659,8939066,18.558985916425723
CENS-R2,25-34 years,2017,1779,9009942,19.744855183307507
CENS-R2,25-34 years,2018,1844,9078174,20.312454905579028
CENS-R2,25-34 years,2019,1760,9110545,19.31827349516412
CENS-R2,25-34 years,2020,1837,9107150,20.170964571792492
CENS-R2,35-44 years,1999,1428,10242816,13.941478593386817
CENS-R2,35-44 years,2000,1508,10278309,14.671674105147062
CENS-R2,35-44 years,2001,1564,10158568,15.395870756586952
CENS-R2,35-44 years,2002,1546,9765402,15.831401513219834
CENS-R2,35-44 years,2003,1476,9790740,15.075469269942824
CENS-R2,35-44 years,2004,1497,9626514,15.550800632503105
CENS-R2,35-44 years,2005,1544,9472617,16.299613929286913
CENS-R2,35-44 years,2006,1544,9330870,16.547224428161574
CENS-R2,35-44 years,2007,1474,9151831,16.10606664393169
CENS-R2,35-44 years,2008,1557,8935688,17.42451168841168
CENS-R2,35-44 years,2009,1421,8712262,16.310345120475027
CENS-R2,35-44 years,2010,1392,8580334,16.22314469343501
CENS-R2,35-44 years,2011,1410,8430752,16.724486736177273
CENS-R2,35-44 years,2012,1513,8359624,18.098900141920257
CENS-R2,35-44 years,2013,1482,8328520,17.794277974958337
CENS-R2,35-44 years,2014,1452,8304074,17.48539331417326
CENS-R2,35-44 years,2015,1555,8284831,18.769242245255214
CENS-R2,35-44 years,2016,1583,8223699,19.249245382157103
CENS-R2,35-44 years,2017,1667,8265839,20.1673417544184
CENS-R2,35-44 years,2018,1668,8345707,19.986323507403267
CENS-R2,35-44 years,2019,1659,8410288,19.725840541964793
CENS-R2,35-44 years,2020,1634,8483398,19.26114983642168
CENS-R2,45-54 years,1999,1055,8384276,12.583078133401145
CENS-R2,45-54 years,2000,1127,8472350,13.302094460214699
CENS-R2,45-54 years,2001,1310,8838924,14.820808505650689
CENS-R2,45-54 years,2002,1435,9113522,15.74583349883832
CENS-R2,45-54 years,2003,1426,9287275,15.354342366302278
CENS-R2,45-54 years,2004,1519,9512387,15.968652242596942
CENS-R2,45-54 years,2005,1535,9674748,15.866046330095624
CENS-R2,45-54 years,2006,1740,9813736,17.730250742428776
CENS-R2,45-54 years,2007,1723,9710198,17.74423137406673
CENS-R2,45-54 years,2008,1742,9886093,17.62071224699181
CENS-R2,45-54 years,2009,1767,9697848,18.22053717484539
CENS-R2,45-54 years,2010,1924,9958385,19.320401852308382
CENS-R2,45-54 years,2011,1908,9732718,19.60397907347156
CENS-R2,45-54 years,2012,1899,9634711,19.709984035847054
CENS-R2,45-54 years,2013,1901,9435922,20.14641494493066
CENS-R2,45-54 years,2014,1849,9268400,19.949505847827023
CENS-R2,45-54 years,2015,1892,9113404,20.760629069006487
CENS-R2,45-54 years,2016,1858,8933348,20.79847331593933
CENS-R2,45-54 years,2017,1834,8756502,20.944436488451668
CENS-R2,45-54 years,2018,1753,8539672,20.52772050261415
CENS-R2,45-54 years,2019,1716,8326934,20.607825161097708
CENS-R2,45-54 years,2020,1607,8168799,19.67241451283108
CENS-R2,5-14 years,1999,59,7840490,0.7525039889088565
CENS-R2,5-14 years,2000,60,7820646,0.7672000497145632
CENS-R2,5-14 years,2001,72,9099808,0.7912254851970504
CENS-R2,5-14 years,2002,54,7691047,0.702115069638763
CENS-R2,5-14 years,2003,56,7622906,0.7346279752105037
CENS-R2,5-14 years,2004,77,8896351,0.8655234039214504
CENS-R2,5-14 years,2005,63,8788206,0.7168698594457162
CENS-R2,5-14 years,2006,58,8723385,0.6648795163803959
CENS-R2,5-14 years,2007,52,8653432,0.6009176474721244
CENS-R2,5-14 years,2008,53,8601327,0.6161839911446223
CENS-R2,5-14 years,2009,69,8575237,0.8046424839336801
CENS-R2,5-14 years,2010,57,8552043,0.6665074064758562
CENS-R2,5-14 years,2011,53,7224449,0.7336199618822141
CENS-R2,5-14 years,2012,81,8467187,0.956634121816372
CENS-R2,5-14 years,2013,90,8438374,1.0665561872465004
CENS-R2,5-14 years,2014,107,8376583,1.2773704982091147
CENS-R2,5-14 years,2015,89,8301266,1.072125625175726
CENS-R2,5-14 years,2016,94,8231733,1.141922363128153
CENS-R2,5-14 years,2017,125,8198364,1.5246944390368615
CENS-R2,5-14 years,2018,139,8164776,1.7024349473886362
CENS-R2,5-14 years,2019,132,8122810,1.6250533990084712
CENS-R2,5-14 years,2020,126,8075010,1.5603695846816288
CENS-R2,55-64 years,1999,588,5375161,10.939207216304776
CENS-R2,55-64 years,2000,584,5436057,10.743080876451444
CENS-R2,55-64 years,2001,698,5562229,12.548925979135342
CENS-R2,55-64 years,2002,748,5880222,12.720608167514765
CENS-R2,55-64 years,2003,747,6128583,12.188788175015334
CENS-R2,55-64 years,2004,802,6379034,12.572436516249951
CENS-R2,55-64 years,2005,888,6646004,13.361412361473148
CENS-R2,55-64 years,2006,934,6912414,13.511922173642956
CENS-R2,55-64 years,2007,1020,7165953,14.23397557868437
CENS-R2,55-64 years,2008,1083,7377000,14.680764538430255
CENS-R2,55-64 years,2009,1082,7651947,14.140192032171683
CENS-R2,55-64 years,2010,1280,8046021,15.908484454614275
CENS-R2,55-64 years,2011,1277,8402548,15.197770961855857
CENS-R2,55-64 years,2012,1386,8516209,16.274847176719124
CENS-R2,55-64 years,2013,1474,8692479,16.95718793223429
CENS-R2,55-64 years,2014,1526,8834532,17.273127767265997
CENS-R2,55-64 years,2015,1592,9035427,17.619532535651054
CENS-R2,55-64 years,2016,1677,9119744,18.388674068044015
CENS-R2,55-64 years,2017,1702,9116143,18.670176630621086
CENS-R2,55-64 years,2018,1840,9134982,20.142349486840804
CENS-R2,55-64 years,2019,1747,9118880,19.158054497920798
CENS-R2,55-64 years,2020,1473,8880116,16.587621152696652
CENS-R2,65-74 years,1999,488,4218668,11.567632247903841
CENS-R2,65-74 years,2000,480,4192233,11.449745278947997
CENS-R2,65-74 years,2001,503,4153222,12.1110790610278
CENS-R2,65-74 years,2002,526,4119391,12.768877729742092
CENS-R2,65-74 years,2003,399,3790539,10.526207486587
CENS-R2,65-74 years,2004,455,4124429,11.031830103027595
CENS-R2,65-74 years,2005,462,4134016,11.175573582685699
CENS-R2,65-74 years,2006,458,3844736,11.912391383959783
CENS-R2,65-74 years,2007,460,4267306,10.779634739107061
CENS-R2,65-74 years,2008,563,4418131,12.742944923996141
CENS-R2,65-74 years,2009,562,4543747,12.368646405708768
CENS-R2,65-74 years,2010,566,4620147,12.250692456322279
CENS-R2,65-74 years,2011,560,4736544,11.822966280900166
CENS-R2,65-74 years,2012,608,5025523,12.098243307213997
CENS-R2,65-74 years,2013,706,5252956,13.440051658532834
CENS-R2,65-74 years,2014,761,5582163,13.632708324712125
CENS-R2,65-74 years,2015,771,5684802,13.562477637743582
CENS-R2,65-74 years,2016,785,5896478,13.31303194890238
CENS-R2,65-74 years,2017,869,6125963,14.1855247901432
CENS-R2,65-74 years,2018,935,6435524,14.52873145994017
CENS-R2,65-74 years,2019,976,6654393,14.66700268529376
CENS-R2,65-74 years,2020,904,6740433,13.411601302171537
CENS-R2,75-84 years,1999,460,2907600,15.820608061631585
CENS-R2,75-84 years,2000,435,2922969,14.882128411214762
CENS-R2,75-84 years,2001,466,2959572,15.745519960318587
CENS-R2,75-84 years,2002,454,2986974,15.199328819065716
CENS-R2,75-84 years,2003,391,3006974,13.003105447536292
CENS-R2,75-84 years,2004,362,2825171,12.813383685447713
CENS-R2,75-84 years,2005,445,3019185,14.739076936325532
CENS-R2,75-84 years,2006,401,3014127,13.304018045689515
CENS-R2,75-84 years,2007,439,2997939,14.643393344561048
CENS-R2,75-84 years,2008,385,2975340,12.939697647999893
CENS-R2,75-84 years,2009,398,2940426,13.535453706367717
CENS-R2,75-84 years,2010,391,2736565,14.287985120031864
CENS-R2,75-84 years,2011,433,2727570,15.874936298610118
CENS-R2,75-84 years,2012,435,2923904,14.877369434837805
CENS-R2,75-84 years,2013,465,2932939,15.854404063637192
CENS-R2,75-84 years,2014,458,2744555,16.687586876561046
CENS-R2,75-84 years,2015,478,2969776,16.0954900302245
CENS-R2,75-84 years,2016,492,3005055,16.372412484962837
CENS-R2,75-84 years,2017,525,3086057,17.011999454319866
CENS-R2,75-84 years,2018,529,3210140,16.479032067137258
CENS-R2,75-84 years,2019,564,3296875,17.107109004739335
CENS-R2,75-84 years,2020,609,3356488,18.143964763169123
CENS-R2,85+ years,1999,176,990236,17.773540852887596
CENS-R2,85+ years,2000,182,1002648,18.151933679616377
CENS-R2,85+ years,2001,160,1021216,15.667596277379126
CENS-R2,85+ years,2002,177,1033643,17.123900611719908
CENS-R2,85+ years,2003,138,1054978,13.080841496220774
CENS-R2,85+ years,2004,152,1070959,14.192886935914448
CENS-R2,85+ years,2005,156,1093767,14.262635460751696
CENS-R2,85+ years,2006,144,1127851,12.767643952968966
CENS-R2,85+ years,2007,154,1161067,13.263661786959752
CENS-R2,85+ years,2008,156,1187635,13.13534882350217
CENS-R2,85+ years,2009,162,1215442,13.328484617118711
CENS-R2,85+ years,2010,177,1237662,14.301158151417754
CENS-R2,85+ years,2011,173,1279928,13.516385296672938
CENS-R2,85+ years,2012,228,1299516,17.54499367456807
CENS-R2,85+ years,2013,212,1322480,16.0304881737342
CENS-R2,85+ years,2014,215,1335606,16.097561706072
CENS-R2,85+ years,2015,199,1346057,14.783920740354977
CENS-R2,85+ years,2016,244,1349023,18.087163821521205
CENS-R2,85+ years,2017,240,1357389,17.68100375058292
CENS-R2,85+ years,2018,227,1358357,16.711365274371907
CENS-R2,85+ years,2019,251,1356427,18.504497477564218
CENS-R2,85+ years,2020,283,1347739,20.99813094375098
CENS-R3,15-24 years,1999,1443,13919627,10.366657095050034
CENS-R3,15-24 years,2000,1491,13949823,10.688307658097166
CENS-R3,15-24 years,2001,1513,14497669,10.436160461381757
CENS-R3,15-24 years,2002,1456,14750173,9.871070664730508
CENS-R3,15-24 years,2003,1520,14946549,10.16957158471832
CENS-R3,15-24 years,2004,1581,15214103,10.391674093438173
CENS-R3,15-24 years,2005,1555,15429766,10.077923411152184
CENS-R3,15-24 years,2006,1529,15608525,9.795928827355564
CENS-R3,15-24 years,2007,1508,15784456,9.553702706003932
CENS-R3,15-24 years,2008,1625,15916303,10.209657355731416
CENS-R3,15-24 years,2009,1662,16034967,10.36484827190477
CENS-R3,15-24 years,2010,1634,16088607,10.15625529295358
CENS-R3,15-24 years,2011,1751,16212636,10.800217805420415
CENS-R3,15-24 years,2012,1830,16329986,11.206378254090358
CENS-R3,15-24 years,2013,1809,16387809,11.03869345804555
CENS-R3,15-24 years,2014,1919,16449902,11.665722993364945
CENS-R3,15-24 years,2015,2038,16465772,12.377190695947935
CENS-R3,15-24 years,2016,2200,16374641,13.435409057212306
CENS-R3,15-24 years,2017,2331,16355608,14.251992344154983
CENS-R3,15-24 years,2018,2372,16353884,14.50419973628283
CENS-R3,15-24 years,2019,2360,16320655,14.46020395627504
CENS-R3,15-24 years,2020,2494,16385539,15.22073823753982
CENS-R3,25-34 years,1999,1979,14365349,13.776205506737078
CENS-R3,25-34 years,2000,1871,14319343,13.066241935820658
CENS-R3,25-34 years,2001,1990,14075525,14.138016166359693
CENS-R3,25-34 years,2002,1930,14213411,13.578725050587787
CENS-R3,25-34 years,2003,1951,14223735,13.716509763434146
CENS-R3,25-34 years,2004,1939,14329378,13.531641080303695
CENS-R3,25-34 years,2005,1967,14432092,13.62934770648635
CENS-R3,25-34 years,2006,1936,14395976,13.448202469912426
CENS-R3,25-34 years,2007,2092,14714976,14.216808780388089
CENS-R3,25-34 years,2008,2135,14914216,14.31520101358328
CENS-R3,25-34 years,2009,2178,15132628,14.392741300453562
CENS-R3,25-34 years,2010,2248,15284016,14.708176175685763
CENS-R3,25-34 years,2011,2367,15580501,15.192066031766243
CENS-R3,25-34 years,2012,2392,15804967,15.134482723057882
CENS-R3,25-34 years,2013,2439,16000422,15.243347956697644
CENS-R3,25-34 years,2014,2538,16289960,15.580148754201975
CENS-R3,25-34 years,2015,2717,16567419,16.399657665445655
CENS-R3,25-34 years,2016,2901,16808918,17.25869565191525
CENS-R3,25-34 years,2017,3111,17076571,18.217943169035514
CENS-R3,25-34 years,2018,3122,17259305,18.088793262532874
CENS-R3,25-34 years,2019,3093,17372324,17.80418094896227
CENS-R3,25-34 years,2020,3389,17486792,19.38034146000021
CENS-R3,35-44 years,1999,2477,15732790,15.744187775976163
CENS-R3,35-44 years,2000,2542,15947301,15.940001383306178
CENS-R3,35-44 years,2001,2611,15984248,16.334831641751304
CENS-R3,35-44 years,2002,2685,15757214,17.03981427173611
CENS-R3,35-44 years,2003,2537,15789943,16.06718909624943
CENS-R3,35-44 years,2004,2589,15755194,16.432676106685832
CENS-R3,35-44 years,2005,2521,15758186,15.998034291510457
CENS-R3,35-44 years,2006,2558,15786499,16.20371939338798
CENS-R3,35-44 years,2007,2648,15762892,16.798947807293228
CENS-R3,35-44 years,2008,2569,15650494,16.414817321421292
CENS-R3,35-44 years,2009,2669,15473788,17.248523761602524
CENS-R3,35-44 years,2010,2583,15371343,16.803996892138834
CENS-R3,35-44 years,2011,2534,15268848,16.595882020699925
CENS-R3,35-44 years,2012,2648,15289167,17.319452393972806
CENS-R3,35-44 years,2013,2549,15322082,16.636120339259378
CENS-R3,35-44 years,2014,2678,15393782,17.39663456322819
CENS-R3,35-44 years,2015,2739,15477132,17.69707721042891
CENS-R3,35-44 years,2016,2731,15484966,17.636461068109547
CENS-R3,35-44 years,2017,2892,15647863,18.481756901884943
CENS-R3,35-44 years,2018,3029,15834974,19.128544195904585
CENS-R3,35-44 years,2019,3030,15994097,18.944489332533124
CENS-R3,35-44 years,2020,3014,16213618,18.589311774830268
CENS-R3,45-54 years,1999,1922,12797540,15.01851137015395
CENS-R3,45-54 years,2000,2101,13295731,15.802064587498046
CENS-R3,45-54 years,2001,2300,13821288,16.640996121345566
CENS-R3,45-54 years,2002,2363,14181047,16.66308559586609
CENS-R3,45-54 years,2003,2500,14375728,17.390423636284716
CENS-R3,45-54 years,2004,2603,14825179,17.557966753723512
CENS-R3,45-54 years,2005,2687,15200655,17.676869845411264
CENS-R3,45-54 years,2006,2793,15547161,17.964694647466505
CENS-R3,45-54 years,2007,2927,15717998,18.62196445119792
CENS-R3,45-54 years,2008,3134,16129652,19.430053419627406
CENS-R3,45-54 years,2009,3312,16352151,20.25421609670801
CENS-R3,45-54 years,2010,3378,16465387,20.515764372862904
CENS-R3,45-54 years,2011,3416,16437828,20.781334370940005
CENS-R3,45-54 years,2012,3390,16331603,20.75730104387181
CENS-R3,45-54 years,2013,3306,16224746,20.376282007742986
CENS-R3,45-54 years,2014,3346,16179679,20.680261950808788
CENS-R3,45-54 years,2015,3403,16170364,21.044671597992476
CENS-R3,45-54 years,2016,3269,16157906,20.231581988408646
CENS-R3,45-54 years,2017,3365,16115976,20.87990203013457
CENS-R3,45-54 years,2018,3272,15959916,20.501361034732263
CENS-R3,45-54 years,2019,3137,15763041,19.900982304112514
CENS-R3,45-54 years,2020,2871,15661665,18.33138430684094
CENS-R3,5-14 years,1999,89,13901453,0.6402208459791937
CENS-R3,5-14 years,2000,124,13990924,0.8862888541171405
CENS-R3,5-14 years,2001,85,14030320,0.6058308007230055
CENS-R3,5-14 years,2002,99,14056929,0.7042790071714811
CENS-R3,5-14 years,2003,87,14078497,0.6179636931413914
CENS-R3,5-14 years,2004,90,14089184,0.638787881540904
CENS-R3,5-14 years,2005,98,14098105,0.6951288843429667
CENS-R3,5-14 years,2006,70,14193116,0.49319684275109144
CENS-R3,5-14 years,2007,61,14292140,0.42680802175181604
CENS-R3,5-14 years,2008,69,14388107,0.4795627388648139
CENS-R3,5-14 years,2009,94,14520755,0.6473492597320181
CENS-R3,5-14 years,2010,96,14634585,0.6559803369893987
CENS-R3,5-14 years,2011,99,14718755,0.6726112364802593
CENS-R3,5-14 years,2012,112,14815435,0.755968353274811
CENS-R3,5-14 years,2013,136,14883337,0.9137735710748202
CENS-R3,5-14 years,2014,164,14922600,1.0990041949794271
CENS-R3,5-14 years,2015,153,14935146,1.0244292221850393
CENS-R3,5-14 years,2016,170,14952710,1.1369176557292957
CENS-R3,5-14 years,2017,200,15008429,1.3325845096778617
CENS-R3,5-14 years,2018,228,15741113,1.4484363335680266
CENS-R3,5-14 years,2019,208,15093184,1.3781055077576738
CENS-R3,5-14 years,2020,244,15348800,1.589700823517148
CENS-R3,55-64 years,1999,1114,8582613,12.97973006589019
CENS-R3,55-64 years,2000,1181,8635839,13.675567596848435
CENS-R3,55-64 years,2001,1331,9105955,14.616808451172888
CENS-R3,55-64 years,2002,1416,9698160,14.600707763122076
CENS-R3,55-64 years,2003,1498,10190539,14.699909396352831
CENS-R3,55-64 years,2004,1601,10686895,14.980965004334749
CENS-R3,55-64 years,2005,1669,11192736,14.911456859162943
CENS-R3,55-64 years,2006,1812,11668226,15.529352962481187
CENS-R3,55-64 years,2007,1934,12111131,15.968781115487893
CENS-R3,55-64 years,2008,2134,12486542,17.09040020848046
CENS-R3,55-64 years,2009,2245,13021193,17.241123758783086
CENS-R3,55-64 years,2010,2416,13296953,18.16957614274488
CENS-R3,55-64 years,2011,2493,13869325,17.974919471567652
CENS-R3,55-64 years,2012,2670,14165626,18.848443408007522
CENS-R3,55-64 years,2013,2737,14419271,18.981542132053693
CENS-R3,55-64 years,2014,2914,14584241,19.980470701217843
CENS-R3,55-64 years,2015,2989,15050274,19.860103543629837
CENS-R3,55-64 years,2016,2959,15332499,19.29887619754614
CENS-R3,55-64 years,2017,3129,15445707,20.258056170559236
CENS-R3,55-64 years,2018,3341,15788540,21.16091798228335
CENS-R3,55-64 years,2019,3179,15948589,19.93279781678492
CENS-R3,55-64 years,2020,2794,16044184,17.414410106490926
CENS-R3,65-74 years,1999,1023,6608660,15.479688772005218
CENS-R3,65-74 years,2000,923,6605279,13.973671664739673
CENS-R3,65-74 years,2001,1011,6641039,15.223521500174899
CENS-R3,65-74 years,2002,1016,6670055,15.232258204767428
CENS-R3,65-74 years,2003,1017,6838514,14.87165194075789
CENS-R3,65-74 years,2004,938,6831121,13.731274852253387
CENS-R3,65-74 years,2005,989,7073509,13.981745128195922
CENS-R3,65-74 years,2006,1015,7248139,14.003594577863366
CENS-R3,65-74 years,2007,1027,7319210,14.031568980805305
CENS-R3,65-74 years,2008,1123,7772976,14.447490896665576
CENS-R3,65-74 years,2009,1206,7903890,15.258309515947209
CENS-R3,65-74 years,2010,1197,8086211,14.802977562668103
CENS-R3,65-74 years,2011,1368,8553649,15.993174375053266
CENS-R3,65-74 years,2012,1437,9130983,15.737626496511929
CENS-R3,65-74 years,2013,1547,9591274,16.12924414420858
CENS-R3,65-74 years,2014,1708,10048641,16.997323319640934
CENS-R3,65-74 years,2015,1750,10481636,16.69586694290853
CENS-R3,65-74 years,2016,1797,10897663,16.489774000168662
CENS-R3,65-74 years,2017,1883,11267827,16.71129668568749
CENS-R3,65-74 years,2018,2024,11572995,17.488990533565424
CENS-R3,65-74 years,2019,1968,11936540,16.48718975515518
CENS-R3,65-74 years,2020,1854,12347147,15.015614538322092
CENS-R3,75-84 years,1999,829,4211899,19.682333313310696
CENS-R3,75-84 years,2000,827,4252997,19.445111294458943
CENS-R3,75-84 years,2001,857,4337795,19.75658139676956
CENS-R3,75-84 years,2002,905,4404740,20.546048120887953
CENS-R3,75-84 years,2003,819,4463353,18.349433710486263
CENS-R3,75-84 years,2004,878,4512236,19.45820209758532
CENS-R3,75-84 years,2005,815,4560564,17.87059670689853
CENS-R3,75-84 years,2006,806,4589828,17.56057089721009
CENS-R3,75-84 years,2007,818,4607349,17.75424436047714
CENS-R3,75-84 years,2008,865,4636573,18.656020297750082
CENS-R3,75-84 years,2009,826,4642711,17.791329247071378
CENS-R3,75-84 years,2010,802,4677147,17.147205336928685
CENS-R3,75-84 years,2011,839,4753673,17.649510178760718
CENS-R3,75-84 years,2012,933,4813055,19.384777443848034
CENS-R3,75-84 years,2013,903,4996940,18.071059488406906
CENS-R3,75-84 years,2014,941,5019041,18.748601575480258
CENS-R3,75-84 years,2015,1012,5137409,19.698645757034335
CENS-R3,75-84 years,2016,1060,5401521,19.6241021741839
CENS-R3,75-84 years,2017,1078,5597246,19.259471532964607
CENS-R3,75-84 years,2018,1212,5883691,20.5993142739821
CENS-R3,75-84 years,2019,1205,6126739,19.66788531386762
CENS-R3,75-84 years,2020,1265,6339953,19.952829303308718
CENS-R3,85+ years,1999,268,1393786,19.228202894848994
CENS-R3,85+ years,2000,325,1235312,26.30914295335915
CENS-R3,85+ years,2001,292,1250142,23.357346605425626
CENS-R3,85+ years,2002,275,1438141,19.121908074382137
CENS-R3,85+ years,2003,273,1284436,21.25446499475256
CENS-R3,85+ years,2004,275,1306502,21.048570916845133
CENS-R3,85+ years,2005,308,1350236,22.81082714429181
CENS-R3,85+ years,2006,313,1586661,19.726961209735414
CENS-R3,85+ years,2007,313,1452935,21.542601699318965
CENS-R3,85+ years,2008,313,1498764,20.8838749796499
CENS-R3,85+ years,2009,322,1551901,20.748746215125834
CENS-R3,85+ years,2010,369,1589933,23.208525139109636
CENS-R3,85+ years,2011,355,1889744,18.785613289419096
CENS-R3,85+ years,2012,391,1719954,22.733166119559012
CENS-R3,85+ years,2013,422,1776019,23.761007061298333
CENS-R3,85+ years,2014,445,2064827,21.551442324223775
CENS-R3,85+ years,2015,513,2119913,24.19910628407864
CENS-R3,85+ years,2016,442,1903218,23.223824070600426
CENS-R3,85+ years,2017,451,1927724,23.39546532594915
CENS-R3,85+ years,2018,474,2237567,21.183723213651255
CENS-R3,85+ years,2019,507,2272590,22.30934748458807
CENS-R3,85+ years,2020,503,2020721,24.892105342598015
CENS-R4,15-24 years,1999,943,8900512,10.594896113841541
CENS-R4,15-24 years,2000,996,9099163,10.946061742162438
CENS-R4,15-24 years,2001,903,9406234,9.600016329595883
CENS-R4,15-24 years,2002,988,9598443,10.293336117118162
CENS-R4,15-24 years,2003,1064,9741873,10.921924356845958
CENS-R4,15-24 years,2004,1132,9886814,11.449593367489264
CENS-R4,15-24 years,2005,1108,10032159,11.044482050174842
CENS-R4,15-24 years,2006,1183,10152786,11.651974147785642
CENS-R4,15-24 years,2007,1061,10250009,10.351210423327434
CENS-R4,15-24 years,2008,1130,10347152,10.920879484519025
CENS-R4,15-24 years,2009,1144,10409933,10.989503967028414
CENS-R4,15-24 years,2010,1204,10437915,11.534870709332276
CENS-R4,15-24 years,2011,1242,10518733,11.80750571385356
CENS-R4,15-24 years,2012,1216,10563100,11.511772112353382
CENS-R4,15-24 years,2013,1290,10555767,12.22080782950211
CENS-R4,15-24 years,2014,1290,10545949,12.232185078839278
CENS-R4,15-24 years,2015,1479,10498989,14.08707066937588
CENS-R4,15-24 years,2016,1452,10400615,13.960712900150615
CENS-R4,15-24 years,2017,1647,10310810,15.973526813121376
CENS-R4,15-24 years,2018,1661,10277203,16.161984929167986
CENS-R4,15-24 years,2019,1581,10213898,15.478909227407598
CENS-R4,15-24 years,2020,1576,10177233,15.485545039599664
CENS-R4,25-34 years,1999,1254,9430401,13.29741969615078
CENS-R4,25-34 years,2000,1190,9408543,12.648079516669052
CENS-R4,25-34 years,2001,1227,9431112,13.010130724775616
CENS-R4,25-34 years,2002,1285,9466723,13.573862887928591
CENS-R4,25-34 years,2003,1319,9478851,13.915188665799262
CENS-R4,25-34 years,2004,1289,9528391,13.52799229166813
CENS-R4,25-34 years,2005,1213,9562148,12.685434276900963
CENS-R4,25-34 years,2006,1218,9667432,12.59900250656017
CENS-R4,25-34 years,2007,1358,9781197,13.883781299977906
CENS-R4,25-34 years,2008,1257,9935032,12.652198805197608
CENS-R4,25-34 years,2009,1359,10074895,13.488974326779585
CENS-R4,25-34 years,2010,1454,10156927,14.315353452870145
CENS-R4,25-34 years,2011,1552,10345500,15.00169155671548
CENS-R4,25-34 years,2012,1650,10473844,15.753528503957096
CENS-R4,25-34 years,2013,1641,10642708,15.419008019387547
CENS-R4,25-34 years,2014,1710,10869402,15.732236235259307
CENS-R4,25-34 years,2015,1809,11090262,16.311607426407058
CENS-R4,25-34 years,2016,1907,11270947,16.919607553828442
CENS-R4,25-34 years,2017,2055,11501491,17.86724868975683
CENS-R4,25-34 years,2018,2071,11636517,17.797421685543878
CENS-R4,25-34 years,2019,2208,11727659,18.82728684386202
CENS-R4,25-34 years,2020,2266,11767351,19.256670426504655
CENS-R4,35-44 years,1999,1562,10103709,15.459669315495923
CENS-R4,35-44 years,2000,1532,10115035,15.14577062758557
CENS-R4,35-44 years,2001,1491,10136168,14.709700944183247
CENS-R4,35-44 years,2002,1640,10080406,16.269185983183615
CENS-R4,35-44 years,2003,1673,10018179,16.699641721314823
CENS-R4,35-44 years,2004,1631,10000918,16.308502879435668
CENS-R4,35-44 years,2005,1549,9994768,15.498108610424973
CENS-R4,35-44 years,2006,1542,9989214,15.436649970658353
CENS-R4,35-44 years,2007,1621,9923682,16.334662880168874
CENS-R4,35-44 years,2008,1582,9844489,16.069904694900874
CENS-R4,35-44 years,2009,1649,9756396,16.901732975988264
CENS-R4,35-44 years,2010,1628,9717586,16.75313189921859
CENS-R4,35-44 years,2011,1671,9699542,17.227617551426654
CENS-R4,35-44 years,2012,1644,9735069,16.887399565426808
CENS-R4,35-44 years,2013,1586,9761336,16.247775919197945
CENS-R4,35-44 years,2014,1730,9832969,17.593872206858375
CENS-R4,35-44 years,2015,1734,9900910,17.513541684552226
CENS-R4,35-44 years,2016,1786,9928150,17.98925278123316
CENS-R4,35-44 years,2017,1810,10106955,17.908460065370825
CENS-R4,35-44 years,2018,1901,10261666,18.525257009924122
CENS-R4,35-44 years,2019,1910,10390675,18.381866433123932
CENS-R4,35-44 years,2020,1800,10526290,17.100041895102645
CENS-R4,45-54 years,1999,1355,8056567,16.81857793772459
CENS-R4,45-54 years,2000,1374,8324716,16.505067560262717
CENS-R4,45-54 years,2001,1433,8731957,16.410983242359073
CENS-R4,45-54 years,2002,1618,8904405,18.17078176475576
CENS-R4,45-54 years,2003,1637,9114336,17.960715953416685
CENS-R4,45-54 years,2004,1777,9304268,19.098761987509388
CENS-R4,45-54 years,2005,1788,9506741,18.807707078587708
CENS-R4,45-54 years,2006,1804,9694764,18.607982618246304
CENS-R4,45-54 years,2007,2036,9851827,20.666217545232982
CENS-R4,45-54 years,2008,2146,9969902,21.524785298792306
CENS-R4,45-54 years,2009,2214,10055223,22.018407746899296
CENS-R4,45-54 years,2010,2147,10087132,21.284543515441257
CENS-R4,45-54 years,2011,2146,10033077,21.389250775210837
CENS-R4,45-54 years,2012,2229,9957767,22.38453661347971
CENS-R4,45-54 years,2013,2078,9876963,21.038855769734077
CENS-R4,45-54 years,2014,2134,9889365,21.57873634960384
CENS-R4,45-54 years,2015,2096,9891332,21.19027043071651
CENS-R4,45-54 years,2016,2060,9847829,20.918316108047772
CENS-R4,45-54 years,2017,2033,9800295,20.744273514215646
CENS-R4,45-54 years,2018,2060,9681341,21.278044023033587
CENS-R4,45-54 years,2019,2017,9566499,21.08399321423647
CENS-R4,45-54 years,2020,1785,9510116,18.769487144005392
CENS-R4,5-14 years,1999,43,7767372,0.5535977934364416
CENS-R4,5-14 years,2000,59,7848045,0.7517795833229804
CENS-R4,5-14 years,2001,63,7881150,0.7993757256237985
CENS-R4,5-14 years,2002,57,7881676,0.723196436899969
CENS-R4,5-14 years,2003,46,7858416,0.5853596958980029
CENS-R4,5-14 years,2004,58,7823775,0.7413301123818106
CENS-R4,5-14 years,2005,54,7758353,0.696024014375216
CENS-R4,5-14 years,2006,46,7739403,0.5943610896085912
CENS-R4,5-14 years,2007,28,7716097,0.3628777606087637
CENS-R4,5-14 years,2008,53,8059935,0.6575735412258287
CENS-R4,5-14 years,2009,48,7770239,0.6177416164419138
CENS-R4,5-14 years,2010,71,8160438,0.8700513379306356
CENS-R4,5-14 years,2011,67,7818093,0.8569864799510571
CENS-R4,5-14 years,2012,60,7826087,0.7666666624074074
CENS-R4,5-14 years,2013,80,7847305,1.0194582726171597
CENS-R4,5-14 years,2014,88,7834714,1.1232062842370507
CENS-R4,5-14 years,2015,103,8513667,1.2098194585247461
CENS-R4,5-14 years,2016,89,7827741,1.136981921093199
CENS-R4,5-14 years,2017,123,9642556,1.2755953919272027
CENS-R4,5-14 years,2018,139,8192386,1.696697396826761
CENS-R4,5-14 years,2019,114,8176597,1.394223049026386
CENS-R4,5-14 years,2020,159,9604819,1.6554190141427965
CENS-R4,55-64 years,1999,721,4853412,14.85552844061044
CENS-R4,55-64 years,2000,685,4993655,13.717407389977883
CENS-R4,55-64 years,2001,783,5227756,14.977745709631435
CENS-R4,55-64 years,2002,937,5697092,16.44698734020795
CENS-R4,55-64 years,2003,987,5924154,16.660606729669755
CENS-R4,55-64 years,2004,1038,6243261,16.625926739247326
CENS-R4,55-64 years,2005,1050,6577175,15.96430078263084
CENS-R4,55-64 years,2006,1150,7020689,16.38015869952365
CENS-R4,55-64 years,2007,1367,7324764,18.662717324407993
CENS-R4,55-64 years,2008,1500,7603136,19.728701420045624
CENS-R4,55-64 years,2009,1636,7915291,20.668854752149983
CENS-R4,55-64 years,2010,1768,8171927,21.63504397432821
CENS-R4,55-64 years,2011,1774,8534236,20.786863639580623
CENS-R4,55-64 years,2012,1874,8679976,21.58992144678741
CENS-R4,55-64 years,2013,1849,8843055,20.909063666346075
CENS-R4,55-64 years,2014,1958,9031412,21.679887928930714
CENS-R4,55-64 years,2015,1949,9222614,21.132837176097794
CENS-R4,55-64 years,2016,1936,9361540,20.680358146202444
CENS-R4,55-64 years,2017,1969,9485010,20.759071419007466
CENS-R4,55-64 years,2018,2033,9535742,21.319788224136097
CENS-R4,55-64 years,2019,2058,9558129,21.531410593014595
CENS-R4,55-64 years,2020,1844,9530347,19.34871836251083
CENS-R4,65-74 years,1999,618,3610825,17.115202204482355
CENS-R4,65-74 years,2000,569,3617671,15.728351196114847
CENS-R4,65-74 years,2001,571,3500975,16.309742286077448
CENS-R4,65-74 years,2002,603,3529366,17.085221538372615
CENS-R4,65-74 years,2003,584,3580415,16.31095836655807
CENS-R4,65-74 years,2004,555,3640134,15.246691467951456
CENS-R4,65-74 years,2005,567,3710028,15.282903525256414
CENS-R4,65-74 years,2006,580,3795772,15.280159082263108
CENS-R4,65-74 years,2007,590,3918692,15.056044210670294
CENS-R4,65-74 years,2008,698,4287416,16.28020234099047
CENS-R4,65-74 years,2009,763,4477830,17.03950350951242
CENS-R4,65-74 years,2010,793,4419467,17.943340226321407
CENS-R4,65-74 years,2011,811,4831126,16.786976783466216
CENS-R4,65-74 years,2012,859,5266470,16.310735654052905
CENS-R4,65-74 years,2013,975,5499929,17.727501573202126
CENS-R4,65-74 years,2014,1070,5805135,18.43195722407834
CENS-R4,65-74 years,2015,1087,6104634,17.806145298800878
CENS-R4,65-74 years,2016,1199,6371404,18.81845822365055
CENS-R4,65-74 years,2017,1227,6605927,18.574228870527936
CENS-R4,65-74 years,2018,1349,6822557,19.772645358624338
CENS-R4,65-74 years,2019,1263,7182413,17.584619542206774
CENS-R4,65-74 years,2020,1265,7278372,17.38026031095965
CENS-R4,75-84 years,1999,611,2317467,26.364992468069662
CENS-R4,75-84 years,2000,626,2356165,26.568597700076186
CENS-R4,75-84 years,2001,563,2419569,23.26860692958126
CENS-R4,75-84 years,2002,598,2461450,24.294623088017225
CENS-R4,75-84 years,2003,602,2493613,24.141677156800192
CENS-R4,75-84 years,2004,581,2517971,23.074133895902694
CENS-R4,75-84 years,2005,608,2548060,23.861290550457994
CENS-R4,75-84 years,2006,565,2556029,22.10460053465747
CENS-R4,75-84 years,2007,555,2558278,21.69428029322849
CENS-R4,75-84 years,2008,561,2561933,21.89752815549821
CENS-R4,75-84 years,2009,548,2565512,21.36025869300163
CENS-R4,75-84 years,2010,570,2676556,21.296023696122926
CENS-R4,75-84 years,2011,551,2621369,21.019551234488546
CENS-R4,75-84 years,2012,573,2662714,21.51939712639059
CENS-R4,75-84 years,2013,597,2720378,21.945479635550647
CENS-R4,75-84 years,2014,670,2795176,23.96986808701849
CENS-R4,75-84 years,2015,665,2869358,23.175916006298273
CENS-R4,75-84 years,2016,680,2950592,23.04622258855172
CENS-R4,75-84 years,2017,703,3043953,23.094968943344394
CENS-R4,75-84 years,2018,740,3203926,23.096663281236832
CENS-R4,75-84 years,2019,821,3348412,24.51908546499057
CENS-R4,75-84 years,2020,781,3479142,22.44806334435329
CENS-R4,85+ years,1999,230,709808,32.40312873340396
CENS-R4,85+ years,2000,222,775344,28.632452176066366
CENS-R4,85+ years,2001,208,800473,25.98463658361993
CENS-R4,85+ years,2002,249,762824,32.641867586756575
CENS-R4,85+ years,2003,265,846652,31.29975479890203
CENS-R4,85+ years,2004,249,869087,28.650756483528117
CENS-R4,85+ years,2005,258,907894,28.41741436775659
CENS-R4,85+ years,2006,261,873313,29.88619200676046
CENS-R4,85+ years,2007,261,993139,26.280309201431017
CENS-R4,85+ years,2008,259,1033332,25.064548470385123
CENS-R4,85+ years,2009,259,1076988,24.048550215972693
CENS-R4,85+ years,2010,285,1106515,25.75654193571709
CENS-R4,85+ years,2011,274,1053471,26.009258916477055
CENS-R4,85+ years,2012,287,1201927,23.87832206115679
CENS-R4,85+ years,2013,326,1096561,29.729308264656503
CENS-R4,85+ years,2014,379,1264848,29.964074734671673
CENS-R4,85+ years,2015,348,1299563,26.77823237503684
CENS-R4,85+ years,2016,337,1327649,25.383214991311707
CENS-R4,85+ years,2017,396,1336780,29.623423450380763
CENS-R4,85+ years,2018,348,1360650,25.57601146510859
CENS-R4,85+ years,2019,388,1376216,28.19324873421033
CENS-R4,85+ years,2020,397,1393833,28.482608748680796
